<?xml version="1.0" encoding="utf-8"?>
<ConstraintsData xmlns:xsd="http://www.w3.org/2001/XMLSchema" xmlns:xsi="http://www.w3.org/2001/XMLSchema-instance">
  <FlattenedNetName2ConstraintNetId />
  <CNets />
  <CNetClasses>
    <CNetClass Id="30fc649d-0d23-4d45-97e6-e189c0f68102" Name="All Nets" IsPredefined="true" Domain="2">
      <Constraints>
        <Constraint Id="9ab5acf6-786d-46b6-9097-4db11063c388" Kind="2" Name="Schematic Width Constraint" Description="Width Constraint [Pref Width = 10mil    Min Width = 10mil    Max Width = 10mil]" Scope1="All" Scope2="All" Attributes="NETSCOPE=AnyNet|LAYERKIND=SameLayer|MAXLIMIT=10mil|MINLIMIT=10mil|PREFEREDWIDTH=10mil" />
        <Constraint Id="f363f155-b655-4022-bad2-d64593394ace" Kind="7" Name="Schematic Routing Topology" Description="Routing Topology [Topology - Shortest]" Scope1="All" Scope2="All" Attributes="NETSCOPE=AnyNet|LAYERKIND=SameLayer|TOPOLOGY=Shortest" />
        <Constraint Id="95416d4c-5334-4866-a8a7-11de92f75d74" Kind="9" Name="Schematic Routing Layers" Description="Routing Layers [TopLayer - Enabled BottomLayer - Enabled ]" Scope1="All" Scope2="All" Attributes="NETSCOPE=AnyNet|LAYERKIND=SameLayer|TOP LAYER_V5=TRUE|MID LAYER 1_V5=TRUE|MID LAYER 2_V5=TRUE|MID LAYER 3_V5=TRUE|MID LAYER 4_V5=TRUE|MID LAYER 5_V5=TRUE|MID LAYER 6_V5=TRUE|MID LAYER 7_V5=TRUE|MID LAYER 8_V5=TRUE|MID LAYER 9_V5=TRUE|MID LAYER 10_V5=TRUE|MID LAYER 11_V5=TRUE|MID LAYER 12_V5=TRUE|MID LAYER 13_V5=TRUE|MID LAYER 14_V5=TRUE|MID LAYER 15_V5=TRUE|MID LAYER 16_V5=TRUE|MID LAYER 17_V5=TRUE|MID LAYER 18_V5=TRUE|MID LAYER 19_V5=TRUE|MID LAYER 20_V5=TRUE|MID LAYER 21_V5=TRUE|MID LAYER 22_V5=TRUE|MID LAYER 23_V5=TRUE|MID LAYER 24_V5=TRUE|MID LAYER 25_V5=TRUE|MID LAYER 26_V5=TRUE|MID LAYER 27_V5=TRUE|MID LAYER 28_V5=TRUE|MID LAYER 29_V5=TRUE|MID LAYER 30_V5=TRUE|BOTTOM LAYER_V5=TRUE" />
        <Constraint Id="395b8ad4-2ff8-4cd6-b393-b4749b72da4c" Kind="11" Name="Schematic Routing Via Style" Description="Routing Via Style [Pref Size = 50mil    Pref Hole Size = 28mil]" Scope1="All" Scope2="All" Attributes="NETSCOPE=AnyNet|LAYERKIND=SameLayer|HOLEWIDTH=28mil|WIDTH=50mil|VIASTYLE=Through Hole|MINHOLEWIDTH=28mil|MINWIDTH=50mil|MAXHOLEWIDTH=28mil|MAXWIDTH=50mil" />
        <Constraint Id="e4e0e882-e611-423c-b314-88c330305297" Kind="20" Name="Schematic Polygon Connect Style" Description="Polygon Connect Style [Style - Relief Connect    Width = 10mil    Angle = 90    # Entries = 4    Air Gap = 10mil    ]" Scope1="All" Scope2="All" Attributes="NETSCOPE=AnyNet|LAYERKIND=SameLayer|CONNECTSTYLE=Relief|RELIEFCONDUCTORWIDTH=10mil|RELIEFENTRIES=4|POLYGONRELIEFANGLE=90 Angle|AIRGAPWIDTH=10mil" />
        <Constraint Id="a4694394-e0b8-4a6f-bfd3-bd42ea6b6321" Kind="51" Name="Schematic Differential Pairs Routing" Description="Differential Pairs Routing [Pref Gap = 10mil    Min Gap  = 10mil    Max Gap  = 10milPref Width = 15mil    Min Width  = 15mil    Max Width  = 15mil]" Scope1="All" Scope2="All" Attributes="NETSCOPE=AnyNet|LAYERKIND=SameLayer|MAXLIMIT=10mil|MINLIMIT=10mil|MOSTFREQGAP=10mil|TOPLAYER_MINWIDTH=15mil|TOPLAYER_MAXWIDTH=15mil|TOPLAYER_PREFWIDTH=15mil|MIDLAYER1_MINWIDTH=15mil|MIDLAYER1_MAXWIDTH=15mil|MIDLAYER1_PREFWIDTH=15mil|MIDLAYER2_MINWIDTH=15mil|MIDLAYER2_MAXWIDTH=15mil|MIDLAYER2_PREFWIDTH=15mil|MIDLAYER3_MINWIDTH=15mil|MIDLAYER3_MAXWIDTH=15mil|MIDLAYER3_PREFWIDTH=15mil|MIDLAYER4_MINWIDTH=15mil|MIDLAYER4_MAXWIDTH=15mil|MIDLAYER4_PREFWIDTH=15mil|MIDLAYER5_MINWIDTH=15mil|MIDLAYER5_MAXWIDTH=15mil|MIDLAYER5_PREFWIDTH=15mil|MIDLAYER6_MINWIDTH=15mil|MIDLAYER6_MAXWIDTH=15mil|MIDLAYER6_PREFWIDTH=15mil|MIDLAYER7_MINWIDTH=15mil|MIDLAYER7_MAXWIDTH=15mil|MIDLAYER7_PREFWIDTH=15mil|MIDLAYER8_MINWIDTH=15mil|MIDLAYER8_MAXWIDTH=15mil|MIDLAYER8_PREFWIDTH=15mil|MIDLAYER9_MINWIDTH=15mil|MIDLAYER9_MAXWIDTH=15mil|MIDLAYER9_PREFWIDTH=15mil|MIDLAYER10_MINWIDTH=15mil|MIDLAYER10_MAXWIDTH=15mil|MIDLAYER10_PREFWIDTH=15mil|MIDLAYER11_MINWIDTH=15mil|MIDLAYER11_MAXWIDTH=15mil|MIDLAYER11_PREFWIDTH=15mil|MIDLAYER12_MINWIDTH=15mil|MIDLAYER12_MAXWIDTH=15mil|MIDLAYER12_PREFWIDTH=15mil|MIDLAYER13_MINWIDTH=15mil|MIDLAYER13_MAXWIDTH=15mil|MIDLAYER13_PREFWIDTH=15mil|MIDLAYER14_MINWIDTH=15mil|MIDLAYER14_MAXWIDTH=15mil|MIDLAYER14_PREFWIDTH=15mil|MIDLAYER15_MINWIDTH=15mil|MIDLAYER15_MAXWIDTH=15mil|MIDLAYER15_PREFWIDTH=15mil|MIDLAYER16_MINWIDTH=15mil|MIDLAYER16_MAXWIDTH=15mil|MIDLAYER16_PREFWIDTH=15mil|MIDLAYER17_MINWIDTH=15mil|MIDLAYER17_MAXWIDTH=15mil|MIDLAYER17_PREFWIDTH=15mil|MIDLAYER18_MINWIDTH=15mil|MIDLAYER18_MAXWIDTH=15mil|MIDLAYER18_PREFWIDTH=15mil|MIDLAYER19_MINWIDTH=15mil|MIDLAYER19_MAXWIDTH=15mil|MIDLAYER19_PREFWIDTH=15mil|MIDLAYER20_MINWIDTH=15mil|MIDLAYER20_MAXWIDTH=15mil|MIDLAYER20_PREFWIDTH=15mil|MIDLAYER21_MINWIDTH=15mil|MIDLAYER21_MAXWIDTH=15mil|MIDLAYER21_PREFWIDTH=15mil|MIDLAYER22_MINWIDTH=15mil|MIDLAYER22_MAXWIDTH=15mil|MIDLAYER22_PREFWIDTH=15mil|MIDLAYER23_MINWIDTH=15mil|MIDLAYER23_MAXWIDTH=15mil|MIDLAYER23_PREFWIDTH=15mil|MIDLAYER24_MINWIDTH=15mil|MIDLAYER24_MAXWIDTH=15mil|MIDLAYER24_PREFWIDTH=15mil|MIDLAYER25_MINWIDTH=15mil|MIDLAYER25_MAXWIDTH=15mil|MIDLAYER25_PREFWIDTH=15mil|MIDLAYER26_MINWIDTH=15mil|MIDLAYER26_MAXWIDTH=15mil|MIDLAYER26_PREFWIDTH=15mil|MIDLAYER27_MINWIDTH=15mil|MIDLAYER27_MAXWIDTH=15mil|MIDLAYER27_PREFWIDTH=15mil|MIDLAYER28_MINWIDTH=15mil|MIDLAYER28_MAXWIDTH=15mil|MIDLAYER28_PREFWIDTH=15mil|MIDLAYER29_MINWIDTH=15mil|MIDLAYER29_MAXWIDTH=15mil|MIDLAYER29_PREFWIDTH=15mil|MIDLAYER30_MINWIDTH=15mil|MIDLAYER30_MAXWIDTH=15mil|MIDLAYER30_PREFWIDTH=15mil|BOTTOMLAYER_MINWIDTH=15mil|BOTTOMLAYER_MAXWIDTH=15mil|BOTTOMLAYER_PREFWIDTH=15mil|MAXUNCOUPLEDLENGTH=500mil" />
      </Constraints>
      <ConstraintSets />
      <CNets />
    </CNetClass>
  </CNetClasses>
  <CDifferentialPairs />
  <CDifferentialPairClasses />
  <CPinPairs />
  <CxSigClasses />
  <CxNets />
  <CXNetClasses />
  <ConstraintClearancesMatrix>
    <CCMFromScopes>
      <CCMFromScope Id="7c53b586-137b-47d0-8290-4ae191f02adf">
        <ConstraintObject Id="00000000-0000-0000-0000-000000000000" />
        <CCMToScopes>
          <CCMToScope Id="41a7a156-1ebd-4cb9-bf76-e2b3b6b77c00" SetId="00000000-0000-0000-0000-000000000000">
            <ConstraintObject Id="00000000-0000-0000-0000-000000000000" />
            <DefaultConstraintClearancesMatrixConstraint Id="00000000-0000-0000-0000-000000000000" Kind="0" Name="" Description="" Scope1="" Scope2="" Attributes="" LayerType="0" LayerId="0" />
            <CCMConstraints />
          </CCMToScope>
        </CCMToScopes>
      </CCMFromScope>
    </CCMFromScopes>
  </ConstraintClearancesMatrix>
  <ConstraintSameNetClearancesMatrix>
    <CCMFromScopes />
  </ConstraintSameNetClearancesMatrix>
  <CSets />
  <CClearancesMatrixSets />
</ConstraintsData>